direction,quantity,type,point_estimate,ci_2_5,ci_97_5
A_to_B,Logistic_V0,model_utility,0.18078670631878527,0.14780269556989256,0.20931013077780486
A_to_B,XGB_M0,model_utility,0.25118312536407056,0.22474659528561436,0.2764133925293674
A_to_B,XGB_V0,model_utility,0.2585292945396531,0.2298611611430868,0.2841913882146404
A_to_B,XGB_V1,model_utility,0.27744213140386464,0.25041924054337156,0.30273544673779357
A_to_B,XGB_V2,model_utility,0.28814483244933287,0.2628636457519485,0.31364036330573963
A_to_B,GRU,model_utility,0.2600269797958046,0.23024728756362509,0.2877634956029571
A_to_B,PAE,model_utility,0.28821994665358164,0.26176206649678185,0.31357818236025087
A_to_B,PAE_minus_XGB_V2,paired_contrast,7.51142042487718e-05,-0.005913260608016861,0.005961761735561615
A_to_B,XGB_V1_minus_XGB_V0,paired_contrast,0.018912836864211524,0.011345513779872012,0.02720374259285463
A_to_B,XGB_V2_minus_XGB_V0,paired_contrast,0.029615537909679746,0.016941701287684355,0.0422225196556523
B_to_A,Logistic_V0,model_utility,0.20750716932955876,0.18642388080581404,0.22681692767914327
B_to_A,XGB_M0,model_utility,0.24119110907862124,0.21813868370970182,0.26241541117527095
B_to_A,XGB_V0,model_utility,0.2874296167147863,0.26645072680390963,0.30751232857515165
B_to_A,XGB_V1,model_utility,0.3027726488886331,0.2819975015448812,0.3214509689409887
B_to_A,XGB_V2,model_utility,0.2649690837549184,0.23959925629630788,0.28579942385412904
B_to_A,GRU,model_utility,0.23339183125160617,0.2104062876504333,0.2550146349776423
B_to_A,PAE,model_utility,0.2732523508731811,0.24846499487508952,0.2944074441537594
B_to_A,PAE_minus_XGB_V2,paired_contrast,0.008283267118262716,0.00418213677557445,0.012734000056571057
B_to_A,XGB_V1_minus_XGB_V0,paired_contrast,0.015343032173846805,0.00911215859037499,0.021521862735632183
B_to_A,XGB_V2_minus_XGB_V0,paired_contrast,-0.022460532959867885,-0.03638820561853908,-0.010000716182845064
