direction,model,source_run,utility,auroc,auprc,brier,threshold,sensitivity,specificity,ppv,npv,tp,fp,tn,fn,calibration_intercept,calibration_slope,calibration_fit_success,calibration_fit_message
A_to_B,Logistic_V0,A_to_B__logistic_v0,0.18078670631878527,0.7246348141119612,0.05653638917312209,0.014237790961152824,0.027000000000000003,0.5436920222634508,0.815653308307209,0.040604108212962,0.9920359426859872,5861,138484,612731,4919,-0.9468683826341489,0.8698216821678922,True,CONVERGENCE: NORM OF PROJECTED GRADIENT <= PGTOL
A_to_B,XGB_M0,A_to_B__xgb_m0,0.25118312536407056,0.7458912522752102,0.05352869400809679,0.013963489018211601,0.024,0.45584415584415583,0.894699919463802,0.058488163109846815,0.9913478018460776,4914,79103,672112,5866,-0.8232593877980737,0.8231115144198102,True,CONVERGENCE: NORM OF PROJECTED GRADIENT <= PGTOL
A_to_B,XGB_V0,A_to_B__xgb_v0,0.2585292945396531,0.7674016331637985,0.07018047528062064,0.014012469930542063,0.024,0.5278293135435993,0.8616081947245462,0.05189143836865721,0.9921973562987569,5690,103962,647253,5090,-0.916695259559954,0.8455652595394,True,CONVERGENCE: NORM OF PROJECTED GRADIENT <= PGTOL
A_to_B,XGB_V1,A_to_B__xgb_v1,0.27744213140386464,0.768573732445831,0.07261744174373516,0.013686456449118431,0.024,0.5151205936920222,0.8772894577451196,0.05681690284954213,0.9921310932466203,5553,92182,659033,5227,-0.5414323453854164,0.9280901792279763,True,CONVERGENCE: NORM OF PROJECTED GRADIENT <= PGTOL
A_to_B,XGB_V2,A_to_B__xgb_v2,0.28814483244933287,0.7868056351678739,0.0643426850559832,0.014113652194413726,0.022000000000000002,0.5178107606679035,0.8823825402847387,0.05942217207094041,0.9922192268025034,5582,88356,662859,5198,-0.9159759202343835,0.7995657146953071,True,CONVERGENCE: NORM OF PROJECTED GRADIENT <= PGTOL
A_to_B,GRU,A_to_B__gru,0.2600269797958046,0.7775783784381856,0.06024976121239612,0.01579931110107448,0.030000000000000002,0.5302411873840446,0.8612128352069647,0.05197544896567401,0.9922333670746296,5716,104259,646956,5064,-1.595691820075334,0.6922568073381873,True,CONVERGENCE: NORM OF PROJECTED GRADIENT <= PGTOL
A_to_B,PAE,A_to_B__pae,0.28821994665358164,0.7885309373953341,0.06715548853431227,0.013994826461656973,0.022000000000000002,0.5352504638218923,0.8731960890024827,0.05711344492066477,0.9924202079374493,5770,95257,655958,5010,-0.8263938769660812,0.8381119302981732,True,CONVERGENCE: NORM OF PROJECTED GRADIENT <= PGTOL
B_to_A,Logistic_V0,B_to_A__logistic_v0,0.20750716932955876,0.6710272185901417,0.06249121270418042,0.02100808159997516,0.023,0.46405228758169936,0.7987592471144604,0.04862805530585163,0.9853451797385621,7952,155575,617504,9184,-0.9989696099863037,0.686390368800653,True,CONVERGENCE: NORM OF PROJECTED GRADIENT <= PGTOL
B_to_A,XGB_M0,B_to_A__xgb_m0,0.24119110907862124,0.7272735254278528,0.06636553135887242,0.021405232634751494,0.024,0.6125116713352008,0.7094553079310135,0.044642933095146956,0.9880382990605381,10496,224614,548465,6640,-1.2114146343045762,0.6858634995309788,True,CONVERGENCE: NORM OF PROJECTED GRADIENT <= PGTOL
B_to_A,XGB_V0,B_to_A__xgb_v0,0.2874296167147863,0.7533307341993496,0.07708366456827745,0.021184654117119527,0.02,0.6673085901027077,0.7041259690148096,0.0476123063342896,0.9896354123109704,11435,228734,544345,5701,-0.9574727799359829,0.746264221708249,True,CONVERGENCE: NORM OF PROJECTED GRADIENT <= PGTOL
B_to_A,XGB_V1,B_to_A__xgb_v1,0.3027726488886331,0.7550047015184624,0.07564366650264992,0.02128526306452899,0.022000000000000002,0.6391223155929038,0.7376050830510207,0.05122448597781145,0.9892715440892003,10952,202852,570227,6184,-1.006331190451844,0.7271587519690204,True,CONVERGENCE: NORM OF PROJECTED GRADIENT <= PGTOL
B_to_A,XGB_V2,B_to_A__xgb_v2,0.2649690837549184,0.7537047192401097,0.0770751643584495,0.021513642202112392,0.019000000000000003,0.728874883286648,0.639555595223774,0.042900028164950435,0.9906907406331338,12490,278652,494427,4646,-1.2057942936506156,0.7032974622006334,True,CONVERGENCE: NORM OF PROJECTED GRADIENT <= PGTOL
B_to_A,GRU,B_to_A__gru,0.23339183125160617,0.7187316008049899,0.060003398761832714,0.023723101297723016,0.026000000000000002,0.6383636788048552,0.6838796552486874,0.04284343483795163,0.9884144403522219,10939,244386,528693,6197,-1.810681762701662,0.5584037718574578,True,CONVERGENCE: NORM OF PROJECTED GRADIENT <= PGTOL
B_to_A,PAE,B_to_A__pae,0.2732523508731811,0.7604594955613173,0.08002931468976296,0.02122710608511194,0.018000000000000002,0.7522175536881419,0.6274468715357681,0.042837725114073306,0.9913225099731868,12890,288013,485066,4246,-1.0289951375991808,0.7531591559015199,True,CONVERGENCE: NORM OF PROJECTED GRADIENT <= PGTOL
