direction,model,source_run,utility,auroc,auprc,brier,threshold
A_to_B,Logistic_V0,A_to_B__logistic_v0,0.32267397302268586,0.7383720674463348,0.0886755122895021,0.020504288021038073,0.027000000000000003
A_to_B,XGB_M0,A_to_B__xgb_m0,0.4164022583282238,0.8145002167620811,0.11190482063274051,0.019902371590397018,0.024
A_to_B,XGB_V0,A_to_B__xgb_v0,0.4247777437155119,0.8211123734088117,0.11079065348691844,0.020001231834940143,0.024
A_to_B,XGB_V1,A_to_B__xgb_v1,0.4287809115062333,0.8228098464641918,0.1156931235110346,0.019826165983478843,0.024
A_to_B,XGB_V2,A_to_B__xgb_v2,0.44308450848150405,0.8380269644830131,0.11906214470364974,0.019919366810020583,0.022000000000000002
A_to_B,GRU,A_to_B__gru,0.4008328223993462,0.8120253913582052,0.11111616257245281,0.020003466796821752,0.030000000000000002
A_to_B,PAE,A_to_B__pae,0.4514791538933168,0.8402239018321062,0.12060851912094381,0.019862359696681004,0.022000000000000002
B_to_A,Logistic_V0,B_to_A__logistic_v0,0.30112757731958795,0.7597060408161094,0.08350404479164496,0.013378868337653132,0.023
B_to_A,XGB_M0,B_to_A__xgb_m0,0.4190701514175259,0.8481285136268445,0.11909275184377205,0.013060860914197947,0.024
B_to_A,XGB_V0,B_to_A__xgb_v0,0.37725918170103107,0.8487093257654106,0.10580871893394776,0.013437404644082223,0.02
B_to_A,XGB_V1,B_to_A__xgb_v1,0.39096125966494805,0.8547899032539257,0.10811859914928128,0.013464033425589546,0.022000000000000002
B_to_A,XGB_V2,B_to_A__xgb_v2,0.419891672036082,0.8680010623222185,0.12653188970494697,0.01325242417795933,0.019000000000000003
B_to_A,GRU,B_to_A__gru,0.4124999999999988,0.8453190370092564,0.09458827789175969,0.013353743380666831,0.026000000000000002
B_to_A,PAE,B_to_A__pae,0.4163337628865975,0.8666853641202736,0.12556920353784778,0.013219330293147516,0.018000000000000002
