direction,model,utility,internal_utility,internal_minus_external_utility
A_to_B,ET_V0,0.2107980500965699,0.3696530758226038,0.1588550257260339
A_to_B,ET_V1,0.2747634669037491,0.38618945432250196,0.11142598741875287
A_to_B,ET_V2,0.2935199435876923,0.42097256284488044,0.12745261925718815
A_to_B,MLP_V0,0.08703130269491019,0.3334508481504195,0.2464195454555093
A_to_B,MLP_V1,0.07550694423152905,0.33969190680564143,0.2641849625741124
A_to_B,MLP_V2,0.15066774994633708,0.36618255671367295,0.21551480676733586
B_to_A,ET_V0,0.2127030039729046,0.3729260631443293,0.1602230591714247
B_to_A,ET_V1,0.21176570345175605,0.3273759664948452,0.11561026304308913
B_to_A,ET_V2,0.24377530701879596,0.4273497905927824,0.18357448357398642
B_to_A,MLP_V0,0.1913617438858229,0.3015544458762885,0.1101927019904656
B_to_A,MLP_V1,0.2133598193614756,0.3066406249999999,0.09328080563852428
B_to_A,MLP_V2,0.1746420098893894,0.34011557667525755,0.16547356678586814
