direction,model,threshold,source_validation_utility
A_to_B,ET_V0,0.023,0.4052604487077549
A_to_B,ET_V1,0.030000000000000002,0.4052717480007973
A_to_B,ET_V2,0.025,0.41881206764527035
A_to_B,MLP_V0,0.031,0.31448192740851233
A_to_B,MLP_V1,0.033,0.3520696538651628
A_to_B,MLP_V2,0.024,0.37884521223863715
B_to_A,ET_V0,0.019000000000000003,0.30874566147409715
B_to_A,ET_V1,0.027000000000000003,0.32201146178073187
B_to_A,ET_V2,0.026000000000000002,0.3880740979903188
B_to_A,MLP_V0,0.022000000000000002,0.23488578577786695
B_to_A,MLP_V1,0.031,0.2897126483171684
B_to_A,MLP_V2,0.031,0.3170837032853304
