direction,model,analysis_group,utility,auroc,auprc,brier,threshold,utility_ci_lower,utility_ci_upper
A_to_B,Logistic_V0,original,0.1807867063187852,0.7246348141119612,0.056536389173122,0.0142377909611528,0.027,0.14780269556989253,0.2093101307778048
A_to_B,XGB_M0,original,0.2511831253640705,0.7458912522752102,0.0535286940080967,0.0139634890182116,0.024,0.22474659528561433,0.27641339252936736
A_to_B,XGB_V0,original,0.2585292945396531,0.7674016331637985,0.0701804752806206,0.014012469930542,0.024,0.22986116114308677,0.2841913882146404
A_to_B,XGB_V1,original,0.2774421314038646,0.768573732445831,0.0726174417437351,0.0136864564491184,0.024,0.25041924054337156,0.30273544673779357
A_to_B,XGB_V2,original,0.2881448324493328,0.7868056351678739,0.0643426850559832,0.0141136521944137,0.022,0.2628636457519485,0.3136403633057396
A_to_B,GRU,original,0.2600269797958046,0.7775783784381856,0.0602497612123961,0.0157993111010744,0.03,0.23024728756362503,0.2877634956029571
A_to_B,PAE,original,0.2882199466535816,0.7885309373953341,0.0671554885343122,0.0139948264616569,0.022,0.26176206649678185,0.3135781823602508
B_to_A,Logistic_V0,original,0.2075071693295587,0.6710272185901417,0.0624912127041804,0.0210080815999751,0.023,0.18642388080581404,0.22681692767914324
B_to_A,XGB_M0,original,0.2411911090786212,0.7272735254278528,0.0663655313588724,0.0214052326347514,0.024,0.21813868370970177,0.26241541117527095
B_to_A,XGB_V0,original,0.2874296167147863,0.7533307341993496,0.0770836645682774,0.0211846541171195,0.02,0.2664507268039096,0.30751232857515165
B_to_A,XGB_V1,original,0.3027726488886331,0.7550047015184624,0.0756436665026499,0.0212852630645289,0.022,0.2819975015448811,0.3214509689409887
B_to_A,XGB_V2,original,0.2649690837549184,0.7537047192401097,0.0770751643584495,0.0215136422021123,0.019,0.23959925629630788,0.28579942385412904
B_to_A,GRU,original,0.2333918312516061,0.7187316008049899,0.0600033987618327,0.023723101297723,0.026,0.2104062876504332,0.2550146349776423
B_to_A,PAE,original,0.2732523508731811,0.7604594955613173,0.0800293146897629,0.0212271060851119,0.018,0.24846499487508944,0.2944074441537594
A_to_B,RF_V0,rf,0.1957246221295607,0.790241132803325,0.07280623988419,0.0139298187490362,0.022,0.16361782329380076,0.22670442865920792
A_to_B,RF_V1,rf,0.2489287794708251,0.7943344528308174,0.0742885924202072,0.0137099390127742,0.027,0.22047158930417693,0.27693052418927105
A_to_B,RF_V2,rf,0.3081666002391361,0.8073677568745559,0.0617654715720127,0.0146163293478693,0.025,0.2827623318804622,0.33271194290056205
B_to_A,RF_V0,rf,0.2251735406484355,0.7479070900012708,0.0856917979445113,0.0207466450243627,0.024,0.19791179981693774,0.24986566076263964
B_to_A,RF_V1,rf,0.2907613303989034,0.753237781702883,0.0862410062299536,0.0205824149444347,0.028,0.2662878847655768,0.3121442860108381
B_to_A,RF_V2,rf,0.2155684492335246,0.7577940814333838,0.0923487911048881,0.0207805598271342,0.023,0.18763314651313392,0.24024470301461506
A_to_B,ET_V0,extra_mlp,0.2107980500965699,0.7690153133741521,0.0627415678144474,0.0136679459949398,0.023,0.17599908539045434,0.24088997875567195
A_to_B,ET_V1,extra_mlp,0.2747634669037491,0.7532042325816839,0.0616068135718753,0.0137043894374346,0.03,0.25161082328063566,0.2969955706909095
A_to_B,ET_V2,extra_mlp,0.2935199435876923,0.7920048208358861,0.0588585250377345,0.0138642180754934,0.025,0.26835611534927895,0.3176095106504791
A_to_B,MLP_V0,extra_mlp,0.0870313026949101,0.6508827715797996,0.0390979751810435,0.0141646862783338,0.031,0.059320879700955745,0.11371412511661275
A_to_B,MLP_V1,extra_mlp,0.075506944231529,0.6440647607276953,0.0379804210288392,0.0141538852430097,0.033,0.04935670209345529,0.10086209720836814
A_to_B,MLP_V2,extra_mlp,0.150667749946337,0.68616549908999,0.0469107304488897,0.0139749084757631,0.024,0.12615593715572754,0.17726461865227838
B_to_A,ET_V0,extra_mlp,0.2127030039729046,0.7217812515069656,0.0662332977823699,0.0207804646231477,0.019,0.18554572304954633,0.23933175544393961
B_to_A,ET_V1,extra_mlp,0.211765703451756,0.7021247718429767,0.0575168081693167,0.0209122950995362,0.027,0.19265209623302038,0.23133054188053417
B_to_A,ET_V2,extra_mlp,0.2437753070187959,0.734811451611086,0.0822674159909946,0.0205871093448901,0.026,0.21946770535433277,0.2657941276454717
B_to_A,MLP_V0,extra_mlp,0.1913617438858229,0.6802283181164881,0.0581983366429412,0.021318182103941,0.022,0.16866713377822157,0.2129517767242612
B_to_A,MLP_V1,extra_mlp,0.2133598193614756,0.6843562261262325,0.0586369871875834,0.0216171538492738,0.031,0.1959164102197302,0.23122421660198492
B_to_A,MLP_V2,extra_mlp,0.1746420098893894,0.6792868939846414,0.0572988586258737,0.022138645786129,0.031,0.15151423336756945,0.1964062948969181
