direction,classifier,contrast,utility_difference,ci_lower,ci_upper,exploratory_follow_up
A_to_B,XGB,V1 minus V0,0.01891283686421147,0.011345513779872012,0.027203742592854657,False
A_to_B,XGB,V2 minus V0,0.02961553790967969,0.01694170128768441,0.0422225196556523,False
A_to_B,XGB,V2 minus V1,0.010702701045468221,-0.0012131142018397762,0.02323786290118566,True
B_to_A,XGB,V1 minus V0,0.015343032173846805,0.00911215859037499,0.021521862735632186,False
B_to_A,XGB,V2 minus V0,-0.022460532959867885,-0.036388205618539025,-0.010000716182845064,False
B_to_A,XGB,V2 minus V1,-0.03780356513371469,-0.051807217877048575,-0.024700144333574207,True
A_to_B,RF,V1 minus V0,0.05320415734126438,0.040761505532499916,0.06575825373350329,False
A_to_B,RF,V2 minus V0,0.1124419781095754,0.09345289598328134,0.13126436794569493,False
A_to_B,RF,V2 minus V1,0.05923782076831102,0.045987483504591836,0.07215977196630845,True
B_to_A,RF,V1 minus V0,0.06558778975046789,0.056581904256586636,0.07535385864741155,False
B_to_A,RF,V2 minus V0,-0.009605091414910893,-0.02277329957526649,0.00328366060893461,False
B_to_A,RF,V2 minus V1,-0.07519288116537878,-0.08905295192994733,-0.06233136602411909,True
A_to_B,ET,V1 minus V0,0.06396541680717918,0.03811734640092833,0.08927901842133446,False
A_to_B,ET,V2 minus V0,0.08272189349112238,0.05944599188715815,0.106875693353208,False
A_to_B,ET,V2 minus V1,0.018756476683943202,0.006382935385070773,0.0313329143692232,True
A_to_B,MLP,V1 minus V0,-0.01152435846338111,-0.021047486096081373,-0.002457225010422991,False
A_to_B,MLP,V2 minus V0,0.06363644725142689,0.04578554369682524,0.080848663523212,False
A_to_B,MLP,V2 minus V1,0.075160805714808,0.0602307364154873,0.091574927251083,True
B_to_A,ET,V1 minus V0,-0.0009373005211485985,-0.01859923976309758,0.017879550794439012,False
B_to_A,ET,V2 minus V0,0.031072303045891314,0.01587126996452207,0.046918347204675734,False
B_to_A,ET,V2 minus V1,0.03200960356703991,0.018052064743812418,0.04433464965017794,True
B_to_A,MLP,V1 minus V0,0.021998075475652717,0.00943505111317147,0.034775980574843775,False
B_to_A,MLP,V2 minus V0,-0.016719733996433478,-0.0357462558848038,0.002616050628507895,False
B_to_A,MLP,V2 minus V1,-0.038717809472086195,-0.05535029659961883,-0.022989691147367264,True
