direction,partition,model,patients,hours,threshold,utility,auroc,auprc,brier,calibration_intercept,calibration_slope,calibration_success,calibration_message,utility_ci_lower,utility_ci_upper
A_to_B,internal_test,RF_V0,3052,119768,0.022000000000000002,0.38412528101369303,0.8107882661059825,0.1068290005125652,0.01986535053502093,0.13873035441705722,1.0896946335590618,True,CONVERGENCE: NORM OF PROJECTED GRADIENT <= PGTOL,,
A_to_B,internal_test,RF_V1,3052,119768,0.027000000000000003,0.41298538728796225,0.8144844661840488,0.1105992165856156,0.019822483210354604,0.4965621591126446,1.1929779210257128,True,CONVERGENCE: NORM OF PROJECTED GRADIENT <= PGTOL,,
A_to_B,internal_test,RF_V2,3052,119768,0.025,0.4568695074596359,0.8315942481128635,0.11321352435073433,0.019893191166875202,-0.011444306015123041,1.0400300458815523,True,CONVERGENCE: RELATIVE REDUCTION OF F <= FACTR*EPSMCH,,
A_to_B,external,RF_V0,20000,761995,0.022000000000000002,0.1957246221295607,0.790241132803325,0.07280623988419002,0.013929818749036212,-0.6706000916302097,0.9846424898087758,True,CONVERGENCE: NORM OF PROJECTED GRADIENT <= PGTOL,0.16361782329380076,0.22670442865920798
A_to_B,external,RF_V1,20000,761995,0.027000000000000003,0.24892877947082512,0.7943344528308174,0.07428859242020722,0.013709939012774286,-0.2804959092695777,1.0848051193630952,True,CONVERGENCE: NORM OF PROJECTED GRADIENT <= PGTOL,0.22047158930417698,0.27693052418927105
A_to_B,external,RF_V2,20000,761995,0.025,0.3081666002391361,0.8073677568745559,0.06176547157201271,0.014616329347869397,-1.1298911345141678,0.8122809275742352,True,CONVERGENCE: NORM OF PROJECTED GRADIENT <= PGTOL,0.2827623318804622,0.3327119429005621
B_to_A,internal_test,RF_V0,3002,115636,0.024,0.3961038176546387,0.8498007669986317,0.11390258167633621,0.013168545277397428,0.03955279926928197,1.0913403040847067,True,CONVERGENCE: NORM OF PROJECTED GRADIENT <= PGTOL,,
B_to_A,internal_test,RF_V1,3002,115636,0.028,0.40732321198453564,0.8546638100796111,0.11087038752943719,0.013125533600846567,0.3459397517098319,1.1728377101967955,True,CONVERGENCE: NORM OF PROJECTED GRADIENT <= PGTOL,,
B_to_A,internal_test,RF_V2,3002,115636,0.023,0.4357522551546381,0.8664654871704703,0.12445901191264355,0.012930708721903826,0.1398730806471255,1.1025664555905308,True,CONVERGENCE: NORM OF PROJECTED GRADIENT <= PGTOL,,
B_to_A,external,RF_V0,20336,790215,0.024,0.2251735406484355,0.7479070900012708,0.08569179794451133,0.020746645024362707,-0.557535634532587,0.9526029668832016,True,CONVERGENCE: NORM OF PROJECTED GRADIENT <= PGTOL,0.19791179981693782,0.2498656607626397
B_to_A,external,RF_V1,20336,790215,0.028,0.2907613303989034,0.753237781702883,0.0862410062299536,0.020582414944434708,-0.1328204350264541,1.0576167648511803,True,CONVERGENCE: NORM OF PROJECTED GRADIENT <= PGTOL,0.26628788476557685,0.31214428601083816
B_to_A,external,RF_V2,20336,790215,0.023,0.21556844923352467,0.7577940814333838,0.09234879110488813,0.020780559827134244,-0.6001087253011392,0.9580207310590828,True,CONVERGENCE: NORM OF PROJECTED GRADIENT <= PGTOL,0.18763314651313392,0.24024470301461512
