direction,representation,seed,threshold,utility,auroc,auprc,brier
A_to_B,V0,1729,0.028,0.23367630376796933,0.7882874061892338,0.06993662482925485,0.013979431620462484
A_to_B,V0,2718,0.025,0.22551828800931695,0.7896040148416584,0.07298826941565265,0.013897350842194468
A_to_B,V0,31415,0.026000000000000002,0.23913695312260194,0.7872365593959184,0.07495023312378342,0.013925961398956084
A_to_B,V0,57721,0.024,0.21587423736088268,0.788705432449895,0.07039637360395537,0.013954350333182486
A_to_B,V0,65537,0.026000000000000002,0.24035594935156254,0.7885309431991664,0.0701369260161821,0.01396203995109915
A_to_B,V1,1729,0.024,0.22933133028788236,0.7945714636166961,0.0730793982267344,0.013722547565526311
A_to_B,V1,2718,0.025,0.23562467424961972,0.792682451089717,0.0715377249251896,0.013731344231384284
A_to_B,V1,31415,0.035,0.26956372443817517,0.7909231731669526,0.07399074122704702,0.013713000456758127
A_to_B,V1,57721,0.027000000000000003,0.24164607413311706,0.7913949300710461,0.07251797093281433,0.01372345458922242
A_to_B,V1,65537,0.025,0.2172983413557305,0.7919895848502791,0.07281361215824635,0.013717301643774259
A_to_B,V2,1729,0.025,0.31382683876505846,0.8067288144720703,0.062313551589532556,0.01461124044933811
A_to_B,V2,2718,0.023,0.30066652359198853,0.8068874275251088,0.061448006718539686,0.014683279298085725
A_to_B,V2,31415,0.027000000000000003,0.31540852929453767,0.8058518591347694,0.060933134228792867,0.014679674051585365
A_to_B,V2,57721,0.027000000000000003,0.31530643529447644,0.8049338432283918,0.06153576582733711,0.014611478345527031
A_to_B,V2,65537,0.027000000000000003,0.301282766655422,0.8039942200870211,0.0611192496951959,0.01456751162178883
B_to_A,V0,1729,0.028,0.2542087060908314,0.74631146885542,0.0850603362400228,0.020760731781029978
B_to_A,V0,2718,0.024,0.2233515305684972,0.7456877249499987,0.08435439508549655,0.020775916955423097
B_to_A,V0,31415,0.026000000000000002,0.24205809776964868,0.74502221827708,0.0842572029929324,0.02079850720978083
B_to_A,V0,57721,0.030000000000000002,0.28293137451052625,0.7467569768481124,0.08428101507364864,0.02076182126560182
B_to_A,V0,65537,0.026000000000000002,0.24569945027200518,0.7471071452868876,0.08515701054019291,0.020765564429532864
B_to_A,V1,1729,0.027000000000000003,0.26904412114975484,0.74918853068019,0.0837534916420478,0.020638629757949906
B_to_A,V1,2718,0.025,0.26282657367974405,0.751456349997141,0.08518242336310584,0.0206083831191197
B_to_A,V1,31415,0.024,0.2657911033621989,0.7511814243116122,0.08400738476650185,0.020596212710237243
B_to_A,V1,57721,0.024,0.271430340793242,0.7527171380338986,0.0870417731425121,0.020563010397784198
B_to_A,V1,65537,0.026000000000000002,0.27173369156162186,0.7513377250365357,0.08523068352959817,0.02061618647357556
B_to_A,V2,1729,0.030000000000000002,0.29216909137679065,0.7592849627481624,0.09173371351510323,0.02079749351460034
B_to_A,V2,2718,0.032,0.3010361943960082,0.7558919263682209,0.09261762876768687,0.020788097183727622
B_to_A,V2,31415,0.025,0.2410531530759027,0.7550130819791525,0.09102291818944838,0.0208179665000439
B_to_A,V2,57721,0.026000000000000002,0.25605053305513065,0.7551587115438716,0.0904169521883823,0.02080834417224671
B_to_A,V2,65537,0.026000000000000002,0.25037337677803945,0.7558149259979081,0.0910112825763548,0.020807110681146636
