direction,contrast,seed,utility_difference
A_to_B,V1 minus V0,1729,-0.004344973480086972
A_to_B,V1 minus V0,2718,0.010106386240302773
A_to_B,V1 minus V0,31415,0.030426771315573226
A_to_B,V1 minus V0,57721,0.02577183677223438
A_to_B,V1 minus V0,65537,-0.023057607995832036
A_to_B,V2 minus V0,1729,0.08015053499708913
A_to_B,V2 minus V0,2718,0.07514823558267159
A_to_B,V2 minus V0,31415,0.07627157617193572
A_to_B,V2 minus V0,57721,0.09943219793359376
A_to_B,V2 minus V0,65537,0.06092681730385943
B_to_A,V1 minus V0,1729,0.01483541505892344
B_to_A,V1 minus V0,2718,0.03947504311124686
B_to_A,V1 minus V0,31415,0.023733005592550233
B_to_A,V1 minus V0,57721,-0.011501033717284226
B_to_A,V1 minus V0,65537,0.026034241289616677
B_to_A,V2 minus V0,1729,0.03796038528595924
B_to_A,V2 minus V0,2718,0.07768466382751102
B_to_A,V2 minus V0,31415,-0.001004944693745985
B_to_A,V2 minus V0,57721,-0.0268808414553956
B_to_A,V2 minus V0,65537,0.004673926506034265
