direction,representation,seed,threshold,source_validation_utility
A_to_B,V0,1729,0.028,0.41355287441481
A_to_B,V0,2718,0.025,0.4144417521439413
A_to_B,V0,31415,0.026000000000000002,0.40624348721316333
A_to_B,V0,57721,0.024,0.41027607939659383
A_to_B,V0,65537,0.026000000000000002,0.4128033546347945
A_to_B,V1,1729,0.024,0.4200964206352612
A_to_B,V1,2718,0.025,0.4139157072732032
A_to_B,V1,31415,0.035,0.41945487187869573
A_to_B,V1,57721,0.027000000000000003,0.4170644436355574
A_to_B,V1,65537,0.025,0.4153080312867126
A_to_B,V2,1729,0.025,0.45303009378432735
A_to_B,V2,2718,0.023,0.4472084468496117
A_to_B,V2,31415,0.027000000000000003,0.4455775822025234
A_to_B,V2,57721,0.027000000000000003,0.4464350730061558
A_to_B,V2,65537,0.027000000000000003,0.45017262809020886
B_to_A,V0,1729,0.028,0.3469125837438199
B_to_A,V0,2718,0.024,0.3431229316331164
B_to_A,V0,31415,0.026000000000000002,0.34438009524597873
B_to_A,V0,57721,0.030000000000000002,0.34734441843587394
B_to_A,V0,65537,0.026000000000000002,0.35790822503853414
B_to_A,V1,1729,0.027000000000000003,0.38430866090904786
B_to_A,V1,2718,0.025,0.39484219872487386
B_to_A,V1,31415,0.024,0.3886935991607516
B_to_A,V1,57721,0.024,0.3792295584795087
B_to_A,V1,65537,0.026000000000000002,0.38205262733088985
B_to_A,V2,1729,0.030000000000000002,0.42827911857308226
B_to_A,V2,2718,0.032,0.4305210267173932
B_to_A,V2,31415,0.025,0.44312494955221216
B_to_A,V2,57721,0.026000000000000002,0.4357272580516788
B_to_A,V2,65537,0.026000000000000002,0.4339212204376692
